{
  "0": {
    "cooldown_until": 1782462303.0832517,
    "failures": 4
  },
  "1": {
    "cooldown_until": 1782542561.2094705,
    "failures": 4
  },
  "2": {
    "cooldown_until": 1782542561.3499103,
    "failures": 4
  },
  "3": {
    "cooldown_until": 1782542561.4655452,
    "failures": 4
  },
  "4": {
    "cooldown_until": 1782542561.5892608,
    "failures": 5
  },
  "5": {
    "cooldown_until": 1782542598.7692447,
    "failures": 4
  },
  "6": {
    "cooldown_until": 1782456416.4718072,
    "failures": 0
  },
  "7": {
    "cooldown_until": 1782456447.4176824,
    "failures": 0
  },
  "8": {
    "cooldown_until": 1782456661.0987415,
    "failures": 0
  },
  "9": {
    "cooldown_until": 0.0,
    "failures": 0
  },
  "10": {
    "cooldown_until": 0.0,
    "failures": 0
  },
  "11": {
    "cooldown_until": 0.0,
    "failures": 0
  },
  "12": {
    "cooldown_until": 0.0,
    "failures": 0
  },
  "13": {
    "cooldown_until": 0.0,
    "failures": 0
  },
  "14": {
    "cooldown_until": 0.0,
    "failures": 0
  }
}