{
  "0": {
    "cooldown_until": 1781765726.0459764,
    "failures": 3
  },
  "1": {
    "cooldown_until": 1781765811.4586365,
    "failures": 1
  },
  "2": {
    "cooldown_until": 1781765831.6817334,
    "failures": 1
  },
  "3": {
    "cooldown_until": 1781765853.1379523,
    "failures": 1
  },
  "4": {
    "cooldown_until": 1781765876.0474467,
    "failures": 1
  },
  "5": {
    "cooldown_until": 1781765888.336414,
    "failures": 1
  },
  "6": {
    "cooldown_until": 1781765920.0380094,
    "failures": 1
  },
  "7": {
    "cooldown_until": 1781765936.1675575,
    "failures": 1
  },
  "8": {
    "cooldown_until": 0.0,
    "failures": 0
  }
}