{
  "0": {
    "cooldown_until": 1782462303.0832517,
    "failures": 4
  },
  "1": {
    "cooldown_until": 1782390929.2901766,
    "failures": 0
  },
  "2": {
    "cooldown_until": 1782391019.1446633,
    "failures": 0
  },
  "3": {
    "cooldown_until": 1782391057.5665495,
    "failures": 0
  },
  "4": {
    "cooldown_until": 1782393947.096117,
    "failures": 4
  },
  "5": {
    "cooldown_until": 1782394008.8181384,
    "failures": 4
  },
  "6": {
    "cooldown_until": 1782391143.7042334,
    "failures": 0
  },
  "7": {
    "cooldown_until": 1782391150.3554194,
    "failures": 0
  },
  "8": {
    "cooldown_until": 0.0,
    "failures": 0
  },
  "9": {
    "cooldown_until": 0.0,
    "failures": 4
  },
  "10": {
    "cooldown_until": 0.0,
    "failures": 0
  },
  "11": {
    "cooldown_until": 0.0,
    "failures": 0
  },
  "12": {
    "cooldown_until": 0.0,
    "failures": 0
  },
  "13": {
    "cooldown_until": 0.0,
    "failures": 0
  },
  "14": {
    "cooldown_until": 0.0,
    "failures": 0
  }
}